{
  "runs": 5,
  "total_cost_usd_across_runs": 0.43072795,
  "avg_cost_per_end_to_end_run_usd": 0.08614559000000001,
  "by_stage": {
    "account_review": {
      "calls": 90,
      "in_tokens": 47770,
      "out_tokens": 11608,
      "total_cost_usd": 0.014130299999999998,
      "tier": "low",
      "model": "claude-haiku-4-5-20251001",
      "avg_cost_per_call_usd": 0.0001570033333333333,
      "avg_in_tokens": 530.7777777777778,
      "avg_out_tokens": 128.9777777777778
    },
    "prioritization": {
      "calls": 5,
      "in_tokens": 12523,
      "out_tokens": 4000,
      "total_cost_usd": 0.0228184,
      "tier": "mid",
      "model": "claude-sonnet-4-6",
      "avg_cost_per_call_usd": 0.00456368,
      "avg_in_tokens": 2504.6,
      "avg_out_tokens": 800.0
    },
    "inbound_triage": {
      "calls": 60,
      "in_tokens": 34585,
      "out_tokens": 8724,
      "total_cost_usd": 0.010422150000000002,
      "tier": "low",
      "model": "claude-haiku-4-5-20251001",
      "avg_cost_per_call_usd": 0.00017370250000000003,
      "avg_in_tokens": 576.4166666666666,
      "avg_out_tokens": 145.4
    },
    "checkin_prep": {
      "calls": 60,
      "in_tokens": 37510,
      "out_tokens": 46610,
      "total_cost_usd": 0.17915999999999999,
      "tier": "mid",
      "model": "claude-sonnet-4-6",
      "avg_cost_per_call_usd": 0.002986,
      "avg_in_tokens": 625.1666666666666,
      "avg_out_tokens": 776.8333333333334
    },
    "quality_review": {
      "calls": 40,
      "in_tokens": 26145,
      "out_tokens": 31263,
      "total_cost_usd": 0.12095759999999998,
      "tier": "mid",
      "model": "claude-sonnet-4-6",
      "avg_cost_per_call_usd": 0.0030239399999999997,
      "avg_in_tokens": 653.625,
      "avg_out_tokens": 781.575
    },
    "quality_judge": {
      "calls": 40,
      "in_tokens": 59794,
      "out_tokens": 3209,
      "total_cost_usd": 0.0108945,
      "tier": "low",
      "model": "claude-haiku-4-5-20251001",
      "avg_cost_per_call_usd": 0.0002723625,
      "avg_in_tokens": 1494.85,
      "avg_out_tokens": 80.225
    },
    "intervention_design": {
      "calls": 5,
      "in_tokens": 7435,
      "out_tokens": 4170,
      "total_cost_usd": 0.07234499999999999,
      "tier": "high",
      "model": "claude-opus-4-7",
      "avg_cost_per_call_usd": 0.014469,
      "avg_in_tokens": 1487.0,
      "avg_out_tokens": 834.0
    }
  },
  "run_summaries": [
    {
      "run_id": "01",
      "stage_counts": {
        "accounts_reviewed": 18,
        "tickets_triaged": 12,
        "checkins_prepared": 12,
        "outputs_reviewed": 8
      },
      "telemetry_summary": {
        "by_stage": {
          "account_review": {
            "calls": 18,
            "in_tokens": 9554,
            "out_tokens": 2296,
            "total_cost_usd": 0.0028106999999999997,
            "tier": "low",
            "model": "claude-haiku-4-5-20251001",
            "avg_cost_per_call_usd": 0.00015614999999999997,
            "avg_in_tokens": 530.7777777777778,
            "avg_out_tokens": 127.55555555555556
          },
          "prioritization": {
            "calls": 1,
            "in_tokens": 2473,
            "out_tokens": 800,
            "total_cost_usd": 0.0045384,
            "tier": "mid",
            "model": "claude-sonnet-4-6",
            "avg_cost_per_call_usd": 0.0045384,
            "avg_in_tokens": 2473.0,
            "avg_out_tokens": 800.0
          },
          "inbound_triage": {
            "calls": 12,
            "in_tokens": 6917,
            "out_tokens": 1698,
            "total_cost_usd": 0.0020563499999999998,
            "tier": "low",
            "model": "claude-haiku-4-5-20251001",
            "avg_cost_per_call_usd": 0.00017136249999999997,
            "avg_in_tokens": 576.4166666666666,
            "avg_out_tokens": 141.5
          },
          "checkin_prep": {
            "calls": 12,
            "in_tokens": 7502,
            "out_tokens": 9396,
            "total_cost_usd": 0.0360688,
            "tier": "mid",
            "model": "claude-sonnet-4-6",
            "avg_cost_per_call_usd": 0.003005733333333333,
            "avg_in_tokens": 625.1666666666666,
            "avg_out_tokens": 783.0
          },
          "quality_review": {
            "calls": 8,
            "in_tokens": 5229,
            "out_tokens": 6249,
            "total_cost_usd": 0.02418,
            "tier": "mid",
            "model": "claude-sonnet-4-6",
            "avg_cost_per_call_usd": 0.0030225,
            "avg_in_tokens": 653.625,
            "avg_out_tokens": 781.125
          },
          "quality_judge": {
            "calls": 8,
            "in_tokens": 11959,
            "out_tokens": 640,
            "total_cost_usd": 0.00217785,
            "tier": "low",
            "model": "claude-haiku-4-5-20251001",
            "avg_cost_per_call_usd": 0.00027223125,
            "avg_in_tokens": 1494.875,
            "avg_out_tokens": 80.0
          },
          "intervention_design": {
            "calls": 1,
            "in_tokens": 1487,
            "out_tokens": 844,
            "total_cost_usd": 0.014589,
            "tier": "high",
            "model": "claude-opus-4-7",
            "avg_cost_per_call_usd": 0.014589,
            "avg_in_tokens": 1487.0,
            "avg_out_tokens": 844.0
          }
        },
        "total_cost_usd": 0.0864211,
        "total_calls": 60
      }
    },
    {
      "run_id": "02",
      "stage_counts": {
        "accounts_reviewed": 18,
        "tickets_triaged": 12,
        "checkins_prepared": 12,
        "outputs_reviewed": 8
      },
      "telemetry_summary": {
        "by_stage": {
          "account_review": {
            "calls": 18,
            "in_tokens": 9554,
            "out_tokens": 2359,
            "total_cost_usd": 0.0028485000000000003,
            "tier": "low",
            "model": "claude-haiku-4-5-20251001",
            "avg_cost_per_call_usd": 0.00015825000000000002,
            "avg_in_tokens": 530.7777777777778,
            "avg_out_tokens": 131.05555555555554
          },
          "prioritization": {
            "calls": 1,
            "in_tokens": 2537,
            "out_tokens": 800,
            "total_cost_usd": 0.0045896,
            "tier": "mid",
            "model": "claude-sonnet-4-6",
            "avg_cost_per_call_usd": 0.0045896,
            "avg_in_tokens": 2537.0,
            "avg_out_tokens": 800.0
          },
          "inbound_triage": {
            "calls": 12,
            "in_tokens": 6917,
            "out_tokens": 1674,
            "total_cost_usd": 0.00204195,
            "tier": "low",
            "model": "claude-haiku-4-5-20251001",
            "avg_cost_per_call_usd": 0.0001701625,
            "avg_in_tokens": 576.4166666666666,
            "avg_out_tokens": 139.5
          },
          "checkin_prep": {
            "calls": 12,
            "in_tokens": 7502,
            "out_tokens": 9423,
            "total_cost_usd": 0.0361552,
            "tier": "mid",
            "model": "claude-sonnet-4-6",
            "avg_cost_per_call_usd": 0.0030129333333333333,
            "avg_in_tokens": 625.1666666666666,
            "avg_out_tokens": 785.25
          },
          "quality_review": {
            "calls": 8,
            "in_tokens": 5229,
            "out_tokens": 6339,
            "total_cost_usd": 0.024468000000000004,
            "tier": "mid",
            "model": "claude-sonnet-4-6",
            "avg_cost_per_call_usd": 0.0030585000000000005,
            "avg_in_tokens": 653.625,
            "avg_out_tokens": 792.375
          },
          "quality_judge": {
            "calls": 8,
            "in_tokens": 12058,
            "out_tokens": 641,
            "total_cost_usd": 0.0021932999999999996,
            "tier": "low",
            "model": "claude-haiku-4-5-20251001",
            "avg_cost_per_call_usd": 0.00027416249999999995,
            "avg_in_tokens": 1507.25,
            "avg_out_tokens": 80.125
          },